,Day1,Day2,Day3,Day4,Day5,Day6,Day7,rainfall_ft_mean,next_day_guage
0,2.39,2.42,2.43,2.43,2.43,3.48,4.08,0.002857142857142857,3.02
1,3.02,2.86,2.69,2.72,2.69,2.67,2.64,0.002857142857142857,2.61
2,2.61,3.27,3.33,2.7,2.64,2.59,2.68,0.005714285714285714,3.07
3,3.07,3.36,6.56,4.43,3.49,3.18,3.01,0.0,2.89
4,2.89,2.81,2.76,2.71,2.69,2.89,2.77,0.0014285714285714286,2.66
5,2.66,2.65,2.68,2.68,2.7,2.75,2.7,0.0014285714285714286,3.05
6,3.05,2.9,2.69,2.68,2.72,2.76,2.72,0.0014285714285714286,2.75
7,2.75,2.68,2.65,2.63,3.46,3.05,2.9,0.004285714285714286,2.8
8,2.8,2.78,2.73,2.95,4.28,3.21,3.06,0.004285714285714286,3.0
9,3.0,2.93,2.88,3.06,3.22,2.94,2.89,0.004285714285714286,4.36
10,4.36,3.9,3.38,5.19,4.38,3.75,3.63,0.002857142857142857,3.33
11,3.33,3.17,3.06,4.28,4.22,3.54,3.53,0.002857142857142857,3.55
12,3.55,3.32,4.69,3.82,4.64,3.89,3.63,0.002857142857142857,3.4
13,3.4,3.21,3.14,3.11,3.11,3.11,3.1,0.0014285714285714286,3.08
14,3.08,3.8,3.74,3.74,3.87,3.69,3.53,0.004285714285714286,3.56
15,3.56,4.56,4.02,3.69,3.46,3.3,3.25,0.0,3.18
16,3.18,3.12,3.07,3.03,3.01,2.99,3.05,0.005714285714285714,3.02
17,3.02,6.17,6.01,4.42,3.96,3.69,3.53,0.0,3.43
18,3.43,3.36,3.28,3.23,3.17,3.16,6.93,0.004285714285714286,5.94
19,5.94,4.91,4.39,3.99,3.88,3.78,3.55,0.004285714285714286,3.38
20,3.38,3.49,3.49,3.4,3.39,3.61,3.64,0.0,3.46
21,3.46,3.31,3.32,3.25,3.2,3.17,4.84,0.005714285714285714,3.99
22,3.99,4.67,7.44,6.15,4.61,4.19,3.91,0.0,3.67
23,3.67,3.53,3.44,3.37,3.33,3.26,4.34,0.004285714285714286,4.74
24,4.74,3.95,3.66,3.49,3.36,3.29,3.29,0.0,3.21
25,3.21,3.2,3.15,3.08,3.08,3.18,3.16,0.0014285714285714286,3.04
26,3.04,3.87,3.39,3.27,3.17,3.12,3.07,0.0014285714285714286,3.04
27,3.04,3.06,4.04,3.36,3.19,3.11,3.04,0.0,3.01
28,3.01,2.96,2.93,2.91,2.9,2.87,2.86,0.0,2.86
29,2.86,2.85,2.8,2.8,5.12,4.74,3.49,0.0071428571428571435,3.21
30,3.21,3.08,3.01,2.96,2.92,2.88,2.84,0.002857142857142857,2.82
31,2.82,4.13,3.7,3.29,3.45,3.38,3.19,0.008571428571428572,3.09
32,3.09,5.24,4.21,4.64,4.29,4.73,4.3,0.008571428571428572,3.88
33,3.88,3.55,3.37,3.25,3.16,3.51,3.59,0.0014285714285714286,3.23
34,3.23,3.07,3.26,3.15,3.13,3.01,6.7,0.009999999999999998,7.34
35,7.34,4.79,4.03,3.65,3.4,3.22,3.12,0.0014285714285714286,3.0
36,3.0,2.91,3.4,3.25,2.96,2.88,2.83,0.0014285714285714286,2.81
37,2.81,2.78,2.76,2.77,2.75,3.05,2.73,0.0,2.68
38,2.68,2.66,2.66,2.83,2.96,2.66,2.6,0.0014285714285714286,2.57
39,2.57,2.55,3.38,3.7,3.26,3.12,2.8,0.004285714285714286,2.71
40,2.71,2.62,2.56,2.53,2.59,2.58,2.49,0.0014285714285714286,2.46
41,2.46,2.45,2.44,2.44,2.5,2.45,5.06,0.0071428571428571435,5.63
42,5.63,3.37,2.91,3.7,3.11,2.75,2.65,0.002857142857142857,2.63
43,2.63,2.6,2.61,2.57,2.53,2.53,2.56,0.0014285714285714286,2.52
44,2.52,2.76,2.49,2.61,3.05,2.65,2.48,0.005714285714285714,2.49
45,2.49,2.61,2.49,2.46,2.42,2.4,2.38,0.0,2.37
46,2.37,2.37,2.37,2.37,2.4,2.34,2.34,0.0,2.33
47,2.33,2.33,3.03,2.45,2.36,2.33,2.33,0.0014285714285714286,2.32
48,2.32,2.42,6.83,6.52,3.44,3.66,3.24,0.008571428571428572,2.92
49,2.92,5.18,5.14,3.13,2.92,2.79,2.72,0.0,2.67
50,2.67,2.62,2.62,2.56,2.55,2.55,2.55,0.0014285714285714286,2.54
51,2.54,3.23,2.9,4.78,4.7,3.17,3.0,0.01,2.88
52,2.88,2.82,2.78,2.74,2.7,2.71,2.67,0.0,2.64
53,2.64,2.63,2.61,2.6,2.6,2.58,2.57,0.0,2.57
54,2.57,2.57,2.57,2.57,2.63,2.72,2.64,0.002857142857142857,3.68
55,3.68,3.84,2.8,4.91,4.14,3.53,3.21,0.002857142857142857,3.01
56,3.01,2.92,2.84,2.8,2.85,3.31,3.04,0.004285714285714286,3.1
57,3.1,3.07,2.96,2.88,2.83,3.91,3.47,0.0071428571428571435,4.53
58,4.53,4.49,3.76,3.46,3.28,3.14,3.05,0.0,2.98
59,2.98,2.93,3.0,3.49,3.2,3.1,3.02,0.005714285714285714,2.98
60,2.98,4.37,4.21,3.65,3.41,3.26,3.16,0.0,3.07
61,3.07,3.02,2.97,2.92,8.33,5.58,4.94,0.004285714285714286,4.69
62,4.69,4.38,5.09,4.63,5.9,5.62,4.79,0.004285714285714286,4.6
63,4.6,4.23,4.14,4.33,4.02,3.79,3.68,0.0014285714285714286,3.58
64,3.58,3.48,3.38,3.3,3.22,3.2,3.14,0.0,3.1
65,3.1,3.11,5.85,5.24,4.53,4.1,3.88,0.0,3.7
66,3.7,3.53,3.44,3.35,3.28,3.13,3.14,0.0,3.16
67,3.16,3.15,3.12,3.07,3.05,3.04,3.01,0.0,3.0
68,3.0,2.97,4.34,4.11,3.52,3.35,3.27,0.0,3.27
69,3.27,3.37,3.36,3.25,3.15,3.05,3.29,0.0,3.29
70,3.29,3.2,3.21,3.25,3.23,3.18,3.14,0.0,3.11
71,3.11,3.06,3.11,3.12,3.06,2.99,2.97,0.0,2.96
72,2.96,2.92,2.89,2.89,2.9,2.92,2.91,0.0014285714285714286,2.98
73,2.98,2.96,2.91,2.92,2.97,3.0,3.02,0.0,3.01
74,3.01,2.99,2.97,2.95,2.91,2.9,2.9,0.0,2.89
75,2.89,2.87,2.86,2.89,2.89,2.86,2.83,0.0,2.82
76,2.82,2.78,2.77,3.06,3.2,3.12,3.94,0.005714285714285714,3.99
77,3.99,3.39,3.24,3.26,4.17,3.98,3.53,0.0071428571428571435,3.96
78,3.96,4.03,3.56,3.41,3.28,4.04,3.74,0.002857142857142857,3.51
79,3.51,3.7,3.73,3.63,3.47,3.36,3.28,0.008571428571428572,4.87
80,4.87,4.94,4.15,3.69,3.49,3.36,3.27,0.0,3.21
81,3.21,3.15,3.09,3.02,3.18,3.2,4.38,0.0071428571428571435,4.87
82,4.87,4.82,4.46,6.07,5.41,4.42,4.06,0.005714285714285714,3.76
83,3.76,3.59,3.41,3.3,3.73,3.35,3.24,0.0014285714285714286,3.16
84,3.16,3.08,3.04,3.0,2.95,2.93,2.96,0.0,3.06
85,3.06,2.93,2.87,2.85,4.04,3.25,3.04,0.004285714285714286,2.98
86,2.98,2.93,4.8,4.12,4.64,4.32,3.63,0.005714285714285714,3.37
87,3.37,4.62,3.7,3.53,3.53,6.47,6.09,0.014285714285714287,4.34
88,4.34,4.41,3.69,4.25,3.8,4.35,4.14,0.0071428571428571435,4.31
89,4.31,3.92,4.3,4.09,4.08,4.05,3.52,0.0014285714285714286,3.4
90,3.4,3.33,3.59,3.82,3.33,3.19,3.06,0.002857142857142857,3.0
91,3.0,2.94,2.9,2.85,2.81,2.79,5.3,0.011428571428571429,3.24
92,3.24,3.04,2.94,2.86,2.82,2.91,2.76,0.0071428571428571435,2.71
93,2.71,5.99,3.52,6.62,4.8,3.52,3.54,0.008571428571428572,4.31
94,4.31,3.6,5.02,4.67,5.89,5.26,8.93,0.018571428571428572,6.76
95,6.76,4.82,4.34,3.72,3.42,3.23,3.28,0.0,3.27
96,3.27,3.04,3.56,4.87,4.13,3.68,3.35,0.002857142857142857,3.04
97,3.04,3.22,3.17,2.84,2.87,9.74,10.63,0.02,4.94
98,4.94,4.12,3.69,3.39,5.43,5.31,6.44,0.0071428571428571435,3.98
99,3.98,3.58,3.38,3.2,3.07,2.96,2.89,0.0,2.84
100,2.84,2.82,2.8,2.78,4.26,3.92,3.45,0.002857142857142857,3.24
101,3.24,3.12,3.03,2.99,2.92,2.87,2.83,0.0,2.81
102,2.81,2.79,2.76,5.38,3.26,3.05,4.89,0.01,4.55
103,4.55,4.34,3.5,3.28,3.14,3.26,3.25,0.0,3.03
104,3.03,2.97,2.94,2.88,2.86,2.84,2.79,0.0,2.76
105,2.76,2.76,2.79,3.59,3.42,3.59,3.31,0.002857142857142857,3.17
106,3.17,3.06,2.97,2.92,2.88,6.47,4.11,0.005714285714285714,4.63
107,4.63,6.21,5.23,4.61,4.1,4.06,3.74,0.0014285714285714286,3.53
108,3.53,3.41,3.32,3.24,3.18,3.14,3.13,0.0,3.11
109,3.11,3.09,3.22,3.2,3.31,3.26,3.24,0.0,3.21
110,3.21,3.18,3.12,4.9,3.97,3.6,3.39,0.002857142857142857,3.29
111,3.29,3.24,3.24,3.14,3.1,3.05,3.34,0.002857142857142857,3.29
112,3.29,3.44,5.68,4.2,4.46,4.48,3.99,0.0071428571428571435,3.73
113,3.73,8.82,6.01,5.06,4.7,6.11,5.62,0.002857142857142857,4.68
114,4.68,4.28,3.98,3.76,3.61,3.61,3.49,0.0014285714285714286,3.46
115,3.46,3.43,3.38,3.67,6.99,6.98,5.37,0.004285714285714286,4.97
116,4.97,4.67,4.26,4.32,4.16,3.9,3.61,0.0,3.6
117,3.6,3.44,3.37,3.33,3.31,3.26,3.2,0.0,3.15
118,3.15,3.14,3.19,3.14,3.2,4.26,4.1,0.002857142857142857,3.81
119,3.81,3.64,3.51,3.43,3.3,3.14,6.6,0.002857142857142857,5.35
120,5.35,4.42,4.01,3.73,3.49,3.33,3.22,0.0,3.16
121,3.16,3.13,3.11,3.08,3.14,3.12,3.09,0.002857142857142857,3.08
122,3.08,3.25,3.31,3.25,3.21,3.17,3.18,0.0,3.24
123,3.24,3.21,3.21,3.44,3.44,3.5,3.5,0.0014285714285714286,6.09
124,6.09,6.07,5.69,5.42,4.97,4.67,4.72,0.0014285714285714286,4.7
125,4.7,4.59,4.55,4.42,4.25,4.05,3.96,0.0,3.88
126,3.88,3.76,3.61,9.36,9.35,6.62,5.81,0.008571428571428572,5.36
127,5.36,5.19,5.05,4.89,4.61,5.69,6.33,0.004285714285714286,5.17
128,5.17,4.73,4.56,4.33,4.03,7.37,8.98,0.005714285714285714,7.85
129,7.85,5.62,5.25,5.04,4.86,4.62,4.53,0.0,4.47
130,4.47,4.35,4.54,4.03,3.8,3.67,3.57,0.0,3.51
131,3.51,3.48,3.46,3.47,3.47,3.4,3.37,0.0014285714285714286,3.42
132,3.42,3.43,3.38,3.32,4.32,4.73,4.63,0.004285714285714286,4.09
133,4.09,3.8,3.6,3.33,3.35,4.11,3.54,0.002857142857142857,3.4
134,3.4,3.39,3.27,3.19,3.12,3.17,3.08,0.0014285714285714286,4.07
135,4.07,3.34,4.88,4.87,3.46,3.29,4.53,0.002857142857142857,4.08
136,4.08,3.65,3.45,3.28,3.22,3.24,3.18,0.002857142857142857,3.14
137,3.14,3.71,3.82,3.26,3.16,7.13,5.26,0.008571428571428572,4.17
138,4.17,3.7,3.48,3.33,3.21,3.13,3.05,0.0014285714285714286,3.53
139,3.53,3.53,3.12,3.03,3.28,3.15,2.97,0.0,2.95
140,2.95,2.91,2.87,2.87,2.85,2.78,2.82,0.0014285714285714286,2.74
141,2.74,2.67,2.64,2.63,2.61,2.6,2.58,0.0,2.55
142,2.55,2.53,2.52,2.51,2.49,2.49,2.49,0.0,2.49
143,2.49,2.46,2.8,2.66,2.64,2.53,6.05,0.009999999999999998,5.93
144,5.93,4.02,3.3,3.04,2.89,2.9,2.85,0.0014285714285714286,2.73
145,2.73,2.76,2.67,2.63,2.93,2.92,2.64,0.002857142857142857,2.57
146,2.57,2.7,2.68,2.49,2.69,2.66,2.49,0.0014285714285714286,2.65
147,2.65,2.62,2.54,2.42,2.42,2.41,2.41,0.0,2.52
148,2.52,2.49,2.42,2.4,2.39,2.39,2.39,0.0,2.39
149,2.39,2.38,2.45,2.43,2.48,2.54,2.86,0.002857142857142857,2.66
150,2.66,2.52,2.48,2.44,2.41,2.43,2.4,0.0,2.4
151,2.4,2.39,2.38,2.37,2.34,2.36,2.36,0.0,2.34
152,2.34,2.36,2.34,2.34,2.49,2.47,2.56,0.004285714285714286,2.42
153,2.42,2.7,3.18,2.57,2.48,2.45,2.43,0.004285714285714286,3.14
154,3.14,2.67,2.5,2.45,2.42,3.08,2.81,0.008571428571428572,2.6
155,2.6,4.0,6.88,3.99,3.29,3.05,3.08,0.0014285714285714286,3.02
156,3.02,2.85,2.77,2.7,2.66,2.64,3.25,0.002857142857142857,2.8
157,2.8,3.57,3.54,2.83,2.71,2.67,3.15,0.0014285714285714286,2.82
158,2.82,2.73,2.67,2.63,2.62,2.59,2.79,0.0014285714285714286,2.8
159,2.8,2.63,2.58,2.57,2.54,2.54,2.53,0.0014285714285714286,4.09
160,4.09,3.47,2.96,2.82,2.75,2.73,2.71,0.0,2.68
161,2.68,2.67,2.68,2.66,2.65,2.92,3.08,0.002857142857142857,2.81
162,2.81,2.74,2.72,2.69,2.68,2.68,2.68,0.0014285714285714286,2.81
163,2.81,2.73,2.7,2.65,2.65,2.65,5.12,0.004285714285714286,3.86
164,3.86,3.32,3.11,2.99,2.92,3.03,2.81,0.0,2.77
165,2.77,2.74,2.74,3.87,4.03,3.43,3.17,0.0014285714285714286,3.01
166,3.01,2.94,2.9,2.82,2.8,2.77,2.75,0.0,2.74
167,2.74,2.72,2.69,2.73,2.77,2.73,2.72,0.0014285714285714286,2.71
168,2.71,2.75,2.92,3.19,3.19,3.08,2.99,0.0,2.94
169,2.94,2.89,2.87,2.84,2.79,2.75,2.79,0.0014285714285714286,2.78
170,2.78,2.75,2.76,2.75,2.73,3.69,3.56,0.0014285714285714286,3.55
171,3.55,3.43,3.34,3.23,3.09,3.08,3.16,0.002857142857142857,3.21
172,3.21,3.14,3.08,3.05,3.04,3.0,4.1,0.0014285714285714286,3.93
173,3.93,3.61,3.76,3.99,3.92,4.12,4.05,0.0,3.78
174,3.78,3.6,3.45,3.35,3.93,3.96,3.82,0.0,4.15
175,4.15,4.37,4.36,3.99,3.72,3.57,3.44,0.002857142857142857,3.33
176,3.33,5.35,4.81,4.24,4.19,4.01,3.76,0.0014285714285714286,3.6
177,3.6,3.43,3.35,7.29,7.38,5.05,4.62,0.009999999999999998,5.12
178,5.12,6.31,5.16,4.61,4.19,3.96,4.73,0.0014285714285714286,4.1
179,4.1,3.79,3.59,3.42,3.76,3.46,3.86,0.002857142857142857,4.03
180,4.03,3.8,3.59,3.44,3.34,3.26,3.19,0.0014285714285714286,3.16
181,3.16,3.35,3.27,3.17,3.11,3.48,3.3,0.002857142857142857,3.21
182,3.21,4.02,4.08,3.46,3.35,4.23,5.08,0.005714285714285714,4.37
183,4.37,4.01,7.4,9.63,5.69,4.99,4.86,0.004285714285714286,4.6
184,4.6,4.36,4.65,4.7,5.18,4.16,3.83,0.008571428571428572,5.35
185,5.35,4.3,3.68,3.47,3.34,3.26,3.79,0.0014285714285714286,3.47
186,3.47,3.28,3.22,3.12,3.08,3.04,2.99,0.0,2.95
187,2.95,2.92,2.9,3.59,4.65,3.91,5.17,0.009999999999999998,4.52
188,4.52,4.14,3.79,3.62,3.6,3.46,3.32,0.0,3.19
189,3.19,3.1,3.0,3.0,3.75,3.03,2.91,0.004285714285714286,2.87
190,2.87,2.79,2.75,2.75,2.74,2.73,2.71,0.0014285714285714286,2.93
191,2.93,3.27,2.7,2.95,2.79,4.16,3.46,0.008571428571428572,2.87
192,2.87,5.27,3.43,3.08,2.91,2.82,3.69,0.004285714285714286,3.39
193,3.39,5.6,4.68,3.59,3.24,3.06,2.95,0.0,2.84
194,2.84,2.77,2.72,3.45,3.04,2.96,5.26,0.009999999999999998,3.94
195,3.94,4.9,4.41,3.92,3.47,3.21,3.05,0.0,2.92
196,2.92,2.81,2.74,2.68,2.66,3.14,2.79,0.0014285714285714286,2.62
197,2.62,2.56,2.53,2.51,2.84,2.91,2.54,0.0071428571428571435,2.49
198,2.49,3.66,3.48,2.6,2.53,2.51,2.84,0.0071428571428571435,3.52
199,3.52,2.69,2.55,2.61,2.57,4.16,3.17,0.008571428571428572,2.78
200,2.78,2.64,2.56,8.82,8.44,5.42,4.49,0.012857142857142857,3.82
201,3.82,4.53,4.53,6.8,6.68,4.7,4.08,0.01,4.28
202,4.28,3.67,8.28,15.12,14.99,10.1,6.36,0.0071428571428571435,5.42
203,5.42,4.86,4.45,4.23,4.12,7.24,7.63,0.011428571428571429,9.17
204,9.17,7.06,5.23,4.81,4.63,4.49,4.23,0.0,4.11
205,4.11,3.79,3.46,3.31,3.23,3.17,3.13,0.004285714285714286,3.2
206,3.2,5.15,4.12,3.62,3.53,3.43,3.75,0.0014285714285714286,4.47
207,4.47,3.65,3.54,3.46,3.24,3.17,3.1,0.0,3.05
208,3.05,3.01,2.97,2.94,2.94,2.92,3.16,0.002857142857142857,3.28
209,3.28,3.37,3.16,3.02,2.97,2.93,3.92,0.0014285714285714286,3.95
210,3.95,3.39,3.19,3.09,3.03,3.0,2.95,0.0014285714285714286,3.4
211,3.4,3.4,4.69,4.86,4.45,4.09,3.78,0.0,3.55
212,3.55,3.4,3.28,3.19,3.14,3.11,3.09,0.0,3.05
213,3.05,3.1,3.19,3.16,3.14,3.13,3.63,0.0014285714285714286,3.59
214,3.59,3.26,3.16,3.1,3.23,5.95,6.78,0.005714285714285714,5.18
215,5.18,4.72,4.3,4.04,3.81,4.44,4.48,0.0014285714285714286,3.77
216,3.77,3.59,3.49,3.4,3.36,3.48,7.41,0.005714285714285714,8.44
217,8.44,5.5,4.96,4.71,4.32,3.97,3.77,0.0,3.65
218,3.65,3.58,3.48,3.42,3.38,3.38,3.55,0.005714285714285714,3.68
219,3.68,6.34,4.77,4.28,4.02,5.37,5.34,0.002857142857142857,4.28
220,4.28,4.04,3.83,3.67,3.58,3.48,3.4,0.0,3.33
221,3.33,3.3,3.29,3.27,3.24,3.22,3.31,0.005714285714285714,6.56
222,6.56,4.83,4.32,4.02,3.75,3.92,3.77,0.0014285714285714286,3.45
223,3.45,3.36,3.31,3.27,4.23,4.14,3.73,0.0014285714285714286,3.53
224,3.53,5.26,4.27,3.76,3.63,3.41,3.32,0.0,3.26
225,3.26,3.21,3.16,3.15,3.13,3.1,3.08,0.0,3.07
226,3.07,3.05,3.16,3.18,3.15,3.12,3.19,0.0,3.31
227,3.31,3.31,3.29,3.23,3.13,3.08,3.05,0.0014285714285714286,3.05
228,3.05,3.24,3.25,3.05,3.01,2.99,3.98,0.002857142857142857,4.31
229,4.31,3.74,3.9,3.7,3.51,3.37,3.27,0.0,3.22
230,3.22,3.19,3.13,3.06,3.04,3.12,3.05,0.0,3.01
231,3.01,2.99,2.94,2.94,2.94,2.93,2.92,0.0,2.89
232,2.89,2.88,3.06,3.08,3.03,3.01,3.0,0.0,3.02
233,3.02,3.0,3.9,3.32,3.57,3.32,3.15,0.0,3.08
234,3.08,3.01,2.95,2.92,2.89,2.89,2.88,0.0,2.87
235,2.87,2.86,2.85,2.85,2.83,2.94,2.92,0.0,2.84
236,2.84,2.81,2.99,5.98,6.24,4.43,3.93,0.0014285714285714286,3.58
237,3.58,3.39,3.23,3.13,3.06,4.5,4.42,0.004285714285714286,3.67
238,3.67,3.46,3.34,3.15,3.11,3.01,3.64,0.0014285714285714286,3.39
239,3.39,3.13,3.02,2.95,2.92,4.44,3.89,0.005714285714285714,3.37
240,3.37,3.15,3.03,2.94,3.17,3.53,3.51,0.015714285714285715,4.3
241,4.3,3.4,3.12,3.46,3.12,3.11,3.03,0.004285714285714286,2.92
242,2.92,3.31,4.35,3.1,3.2,3.02,2.9,0.0014285714285714286,2.84
243,2.84,2.8,2.76,2.73,2.71,3.07,3.24,0.0014285714285714286,2.82
244,2.82,2.75,2.71,2.68,2.72,2.64,2.63,0.002857142857142857,2.61
245,2.61,3.56,3.5,2.7,3.45,2.87,2.72,0.002857142857142857,2.64
246,2.64,2.62,2.6,2.57,2.55,2.52,2.52,0.0014285714285714286,3.01
247,3.01,2.64,2.61,2.68,2.6,2.55,2.52,0.0,2.5
248,2.5,2.49,2.5,3.08,2.97,2.54,2.49,0.0071428571428571435,2.47
249,2.47,4.43,2.96,2.66,2.64,2.57,2.52,0.0014285714285714286,2.87
250,2.87,2.85,5.04,5.7,3.28,3.0,2.92,0.004285714285714286,2.93
251,2.93,3.32,3.27,3.25,3.84,2.89,2.76,0.017142857142857144,4.08
252,4.08,3.77,3.18,3.04,2.9,3.04,3.11,0.002857142857142857,3.27
253,3.27,2.73,3.44,2.81,2.71,2.69,2.63,0.0,2.61
254,2.61,2.58,2.58,2.58,5.67,3.84,3.08,0.009999999999999998,2.84
255,2.84,2.73,2.67,2.92,2.85,3.91,3.34,0.004285714285714286,2.93
256,2.93,2.81,2.79,2.74,2.69,2.62,2.6,0.0,2.58
257,2.58,2.56,2.55,2.53,2.52,4.08,3.98,0.004285714285714286,2.97
258,2.97,2.8,3.09,3.04,2.72,2.67,2.62,0.0014285714285714286,2.61
259,2.61,2.72,2.66,2.63,2.61,2.88,2.86,0.0014285714285714286,2.72
260,2.72,2.66,2.59,2.65,2.63,2.61,3.1,0.0,2.69
261,2.69,2.63,2.58,2.59,3.13,3.1,2.66,0.008571428571428572,2.62
262,2.62,5.48,3.81,3.2,2.97,2.85,2.8,0.0,2.74
263,2.74,2.92,2.87,2.68,5.07,4.6,3.98,0.005714285714285714,3.53
264,3.53,3.32,3.17,3.03,2.94,2.86,3.12,0.0014285714285714286,3.42
265,3.42,3.29,3.13,3.05,3.03,3.09,3.03,0.0,2.94
266,2.94,2.91,2.88,2.88,2.86,2.94,2.92,0.0,2.83
267,2.83,2.83,2.8,2.75,2.75,3.52,3.31,0.0014285714285714286,2.97
268,2.97,2.91,2.87,2.84,2.84,2.83,2.82,0.0,2.81
269,2.81,2.79,3.12,3.17,3.37,3.21,3.12,0.002857142857142857,3.04
270,3.04,2.98,2.94,2.93,3.01,3.89,3.32,0.005714285714285714,3.14
271,3.14,5.86,4.51,3.86,3.51,3.41,5.64,0.005714285714285714,6.47
272,6.47,4.99,4.53,4.21,3.82,3.59,3.44,0.0,3.32
273,3.32,3.25,3.18,3.13,3.11,3.08,3.03,0.002857142857142857,3.0
274,3.0,4.08,4.11,3.4,3.33,3.56,5.5,0.005714285714285714,4.5
275,4.5,4.05,3.69,3.49,3.36,3.26,3.16,0.0,3.08
276,3.08,3.02,2.97,2.95,3.1,3.08,3.05,0.005714285714285714,5.43
277,5.43,4.02,3.62,3.39,3.29,3.21,3.13,0.0014285714285714286,3.08
278,3.08,3.68,3.56,3.48,3.91,3.93,3.87,0.0,3.77
279,3.77,3.61,3.47,3.39,3.28,3.34,3.35,0.0,3.2
280,3.2,3.14,3.27,3.26,3.18,3.22,4.11,0.002857142857142857,3.71
281,3.71,3.54,3.4,3.3,3.23,3.19,3.15,0.0,3.13
282,3.13,3.44,3.34,3.25,3.2,4.99,4.4,0.002857142857142857,3.83
283,3.83,3.51,3.47,3.47,3.74,4.9,4.18,0.0,3.82
284,3.82,3.59,3.43,3.31,3.68,3.61,3.45,0.0,3.33
285,3.33,3.24,3.19,3.33,3.33,3.17,3.11,0.0014285714285714286,3.06
286,3.06,3.05,3.04,3.0,3.0,3.0,3.41,0.004285714285714286,3.88
287,3.88,4.54,4.83,4.11,3.72,3.47,3.34,0.0,3.24
288,3.24,3.19,3.55,3.25,3.13,3.09,3.06,0.0,3.05
289,3.05,3.0,2.97,2.96,3.01,3.01,2.95,0.0,2.93
290,2.93,2.9,2.9,2.87,2.85,2.84,6.36,0.01,5.45
291,5.45,4.72,4.63,4.19,3.62,3.37,3.22,0.0,3.12
292,3.12,3.05,2.97,2.97,2.97,2.92,3.4,0.002857142857142857,3.92
293,3.92,3.2,2.99,2.88,3.09,3.09,2.89,0.0014285714285714286,2.83
294,2.83,2.77,2.74,3.89,3.45,3.07,2.91,0.008571428571428572,8.49
295,8.49,8.98,5.57,6.81,6.93,5.12,5.24,0.011428571428571429,4.79
296,4.79,4.67,4.2,3.8,4.0,3.81,3.49,0.0014285714285714286,3.4
297,3.4,3.3,3.2,3.13,3.06,5.41,6.51,0.018571428571428572,8.16
298,8.16,3.92,3.66,4.8,4.0,3.94,3.95,0.008571428571428572,3.35
299,3.35,3.27,3.19,3.11,3.28,3.44,2.97,0.011428571428571429,5.96
300,5.96,6.6,6.44,4.48,3.85,3.44,3.22,0.0,3.09
301,3.09,3.05,3.39,5.71,6.49,4.28,3.72,0.018571428571428572,3.48
302,3.48,3.33,4.93,4.54,3.33,3.14,4.77,0.002857142857142857,3.82
303,3.82,3.3,3.15,3.04,2.95,2.9,3.56,0.0014285714285714286,2.96
304,2.96,2.91,2.86,2.85,5.98,4.54,3.83,0.0071428571428571435,3.32
305,3.32,3.11,2.97,2.91,2.86,2.81,6.1,0.008571428571428572,4.48
306,4.48,3.51,3.15,2.99,2.91,3.41,3.12,0.0014285714285714286,2.9
307,2.9,2.84,3.12,3.26,3.26,3.26,3.2,0.0014285714285714286,3.08
308,3.08,2.96,2.88,2.84,2.79,2.75,3.53,0.004285714285714286,3.51
309,3.51,2.92,2.81,2.78,2.77,2.73,2.72,0.002857142857142857,2.71
310,2.71,3.25,4.54,3.31,3.09,2.96,2.91,0.0,2.85
311,2.85,2.81,2.77,2.77,2.73,2.71,2.71,0.0,2.7
312,2.7,2.71,2.71,3.41,3.31,2.84,2.91,0.005714285714285714,3.67
313,3.67,3.24,2.87,2.81,2.77,2.76,2.76,0.0,2.76
314,2.76,2.74,2.75,2.75,2.69,2.61,2.61,0.0,2.57
315,2.57,2.58,2.6,2.59,2.55,2.55,2.55,0.002857142857142857,3.12
316,3.12,2.82,2.76,2.75,2.76,2.77,2.74,0.0,2.7
317,2.7,2.73,2.73,2.68,2.65,2.65,2.64,0.0,2.63
318,2.63,2.72,2.72,2.81,2.76,2.72,2.72,0.0014285714285714286,2.66
319,2.66,2.7,2.73,2.7,3.05,5.94,4.1,0.0071428571428571435,3.56
320,3.56,3.29,3.14,3.06,3.0,2.96,2.91,0.002857142857142857,3.71
321,3.71,4.17,3.4,4.37,3.86,3.94,3.83,0.004285714285714286,3.55
322,3.55,3.34,3.23,3.17,3.35,3.46,4.49,0.0014285714285714286,4.16
323,4.16,3.77,3.52,3.38,3.27,5.95,5.28,0.004285714285714286,4.4
324,4.4,4.03,3.74,5.51,3.9,3.64,3.53,0.005714285714285714,5.13
325,5.13,4.94,4.24,4.2,4.1,3.82,3.64,0.0,3.52
326,3.52,3.42,3.34,3.28,3.25,3.16,3.13,0.0014285714285714286,3.08
327,3.08,3.08,3.08,3.08,3.02,3.0,2.98,0.0,2.96
328,2.96,3.0,3.41,3.32,5.57,5.06,4.56,0.002857142857142857,4.2
329,4.2,3.86,3.65,3.48,3.36,4.22,4.56,0.005714285714285714,4.2
330,4.2,3.96,3.75,3.58,4.17,4.29,5.57,0.002857142857142857,5.41
331,5.41,5.34,5.22,4.89,4.52,4.18,3.86,0.0,3.64
332,3.64,3.48,3.46,3.4,3.33,3.3,3.26,0.0,3.48
333,3.48,3.58,3.58,3.56,3.68,3.78,3.5,0.0014285714285714286,3.38
334,3.38,3.32,3.26,3.23,4.04,4.72,3.78,0.0014285714285714286,3.55
335,3.55,3.44,3.36,3.29,3.25,3.2,3.16,0.008571428571428572,5.89
336,5.89,7.34,6.05,5.0,4.72,4.32,4.09,0.0,3.92
337,3.92,3.72,3.96,3.97,3.84,3.66,3.56,0.0014285714285714286,3.45
338,3.45,3.4,3.36,4.06,4.56,3.8,3.62,0.0014285714285714286,3.49
339,3.49,3.41,3.32,3.28,3.24,3.2,3.16,0.002857142857142857,4.04
340,4.04,3.46,3.32,3.24,10.96,11.62,7.26,0.008571428571428572,5.79
341,5.79,5.32,5.0,4.8,4.52,4.47,4.4,0.004285714285714286,4.2
342,4.2,4.6,3.84,3.64,3.49,3.39,3.88,0.0014285714285714286,3.82
343,3.82,3.56,3.48,3.37,3.29,5.48,4.71,0.011428571428571429,4.29
344,4.29,4.24,3.53,3.44,3.36,3.32,3.26,0.0,3.21
345,3.21,3.16,3.1,4.4,3.4,3.48,3.22,0.0071428571428571435,3.09
346,3.09,3.04,4.86,3.62,3.36,3.24,3.22,0.0,3.22
347,3.22,3.09,3.02,2.97,2.92,3.84,3.15,0.005714285714285714,2.93
348,2.93,2.85,2.81,2.79,2.75,4.12,2.92,0.002857142857142857,2.8
349,2.8,2.73,2.7,2.69,5.21,5.3,4.26,0.015714285714285715,3.08
350,3.08,2.88,2.8,2.74,2.73,2.68,2.66,0.0014285714285714286,2.65
351,2.65,2.6,5.46,5.9,5.84,4.45,4.06,0.002857142857142857,3.71
352,3.71,3.57,3.33,3.12,3.08,3.02,2.87,0.0014285714285714286,2.8
353,2.8,2.76,4.13,2.97,2.85,2.78,3.18,0.002857142857142857,3.31
354,3.31,2.78,2.73,2.69,2.66,2.64,2.61,0.002857142857142857,2.6
355,2.6,3.06,3.32,2.82,2.74,2.67,2.64,0.0,2.62
356,2.62,2.6,2.58,2.59,5.52,3.33,3.0,0.0071428571428571435,2.86
357,2.86,2.78,2.73,2.69,2.62,2.61,2.6,0.0014285714285714286,2.64
358,2.64,2.6,2.57,2.56,2.54,2.7,2.78,0.0014285714285714286,2.58
359,2.58,2.56,2.56,2.56,2.56,2.78,2.72,0.004285714285714286,2.56
360,2.56,2.95,2.64,2.56,2.56,2.54,2.54,0.0,2.53
361,2.53,2.52,2.5,2.8,2.68,2.58,2.56,0.0014285714285714286,2.54
362,2.54,2.56,2.56,2.54,2.53,2.79,2.68,0.0014285714285714286,2.6
363,2.6,2.6,2.93,2.67,2.59,3.29,2.83,0.0014285714285714286,2.67
364,2.67,2.65,3.02,4.66,3.34,3.03,2.89,0.004285714285714286,2.82
365,2.82,2.78,3.58,3.72,3.44,3.22,3.12,0.0,3.02
366,3.02,2.96,2.91,2.87,2.85,3.95,3.38,0.0014285714285714286,3.11
367,3.11,3.05,2.98,3.25,3.19,3.01,2.97,0.0014285714285714286,2.97
368,2.97,2.91,2.88,2.86,2.85,2.85,2.9,0.004285714285714286,4.84
369,4.84,4.02,3.18,4.7,4.51,3.96,3.57,0.002857142857142857,3.45
370,3.45,3.32,3.31,3.57,3.48,3.31,4.98,0.0071428571428571435,5.02
371,5.02,4.36,6.52,5.49,4.67,4.2,3.97,0.0,3.79
372,3.79,3.61,3.42,3.42,3.32,3.27,3.21,0.0,3.15
373,3.15,3.1,3.14,4.74,4.35,3.94,3.69,0.002857142857142857,3.5
374,3.5,3.38,3.19,3.12,3.07,3.06,4.11,0.004285714285714286,4.59
375,4.59,4.16,3.86,3.64,3.4,3.24,3.21,0.0014285714285714286,3.14
376,3.14,4.14,3.69,3.4,3.27,3.22,3.15,0.002857142857142857,7.62
377,7.62,6.5,4.83,4.57,4.01,3.69,3.77,0.002857142857142857,3.84
378,3.84,3.83,3.74,3.66,3.49,3.39,3.37,0.002857142857142857,3.23
379,3.23,5.67,4.73,4.28,4.05,3.82,3.58,0.0,3.49
380,3.49,3.52,3.49,3.45,3.4,3.36,3.26,0.0014285714285714286,3.18
381,3.18,3.22,3.14,3.14,3.11,3.2,3.07,0.0014285714285714286,3.8
382,3.8,3.5,3.26,3.22,3.19,3.12,3.07,0.0014285714285714286,3.1
383,3.1,3.44,3.48,4.72,5.29,4.55,4.24,0.0014285714285714286,4.25
384,4.25,4.75,5.13,5.78,5.69,4.98,5.85,0.0014285714285714286,5.65
385,5.65,4.85,4.59,4.32,3.99,3.92,4.28,0.0014285714285714286,4.25
386,4.25,4.12,3.87,3.73,3.81,4.42,4.06,0.004285714285714286,3.88
387,3.88,3.81,3.82,3.84,3.57,3.47,3.44,0.0,3.37
388,3.37,3.32,3.29,3.27,3.26,3.33,3.29,0.0014285714285714286,3.24
389,3.24,3.21,3.22,3.21,3.17,3.16,3.15,0.004285714285714286,3.13
390,3.13,5.84,4.49,4.04,3.82,3.59,3.46,0.0,3.37
391,3.37,3.3,3.24,3.18,3.16,3.12,3.08,0.0,3.06
392,3.06,3.06,3.01,3.0,2.97,2.95,2.95,0.0,2.94
393,2.94,2.95,2.94,2.92,2.88,2.84,2.96,0.0014285714285714286,3.09
394,3.09,2.95,2.89,2.86,2.84,2.82,2.8,0.0,2.78
395,2.78,2.78,2.78,5.01,4.11,3.06,2.84,0.0071428571428571435,2.78
396,2.78,3.41,3.58,3.32,3.06,3.39,3.02,0.005714285714285714,2.92
397,2.92,3.55,4.24,3.07,2.94,2.86,2.8,0.004285714285714286,2.94
398,2.94,3.41,2.92,2.87,2.94,2.96,2.88,0.004285714285714286,3.44
399,3.44,2.95,2.86,2.79,2.74,2.7,5.22,0.005714285714285714,5.39
400,5.39,3.4,3.12,3.78,3.05,2.93,2.82,0.0014285714285714286,2.76
401,2.76,2.72,2.73,4.01,4.32,4.32,2.88,0.011428571428571429,2.75
402,2.75,2.69,4.22,3.28,3.27,2.9,3.01,0.002857142857142857,2.82
403,2.82,2.73,2.67,2.64,2.6,2.56,2.53,0.0,2.51
404,2.51,2.52,2.62,2.55,4.02,3.27,2.72,0.0071428571428571435,2.59
405,2.59,2.54,2.49,2.46,2.45,2.43,2.42,0.0,2.41
406,2.41,2.41,4.08,3.65,2.57,2.5,2.46,0.0014285714285714286,2.44
407,2.44,3.09,2.9,2.67,2.66,5.55,3.14,0.009999999999999998,2.81
408,2.81,2.68,2.62,2.57,2.52,2.49,2.48,0.0,2.47
409,2.47,2.46,2.44,2.43,2.43,2.42,2.41,0.0,2.39
410,2.39,2.39,2.39,2.4,4.43,3.43,2.63,0.004285714285714286,2.55
411,2.55,2.51,2.47,2.46,2.45,2.43,2.44,0.0,2.43
412,2.43,2.45,2.42,2.4,2.38,2.39,2.39,0.0,2.39
413,2.39,2.38,2.43,4.23,2.68,5.23,4.64,0.0071428571428571435,3.39
414,3.39,3.14,3.04,2.94,2.85,3.48,3.62,0.002857142857142857,2.82
415,2.82,2.75,2.96,2.79,2.66,2.63,2.61,0.0,2.59
416,2.59,2.58,2.56,2.55,2.55,2.53,2.53,0.0,2.53
417,2.53,2.51,2.5,5.09,5.1,3.16,2.92,0.008571428571428572,2.81
418,2.81,2.76,2.73,2.69,2.72,2.68,2.65,0.0,2.63
419,2.63,2.64,3.0,3.04,2.9,2.88,2.77,0.0,2.73
420,2.73,2.72,2.7,2.68,4.47,4.49,3.07,0.002857142857142857,2.96
421,2.96,2.86,2.81,2.78,2.76,2.72,2.71,0.0,2.71
422,2.71,2.7,3.49,3.38,3.09,2.97,2.9,0.0,2.84
423,2.84,2.83,2.79,2.77,2.74,2.75,2.73,0.0014285714285714286,2.72
424,2.72,2.82,2.81,2.74,4.99,4.17,3.41,0.004285714285714286,3.19
425,3.19,3.07,2.98,4.71,5.32,3.72,3.56,0.004285714285714286,3.21
426,3.21,3.18,5.27,4.18,4.16,3.66,3.5,0.0014285714285714286,3.29
427,3.29,3.21,3.13,3.05,3.0,2.99,2.97,0.004285714285714286,6.46
428,6.46,5.0,4.1,3.82,3.53,3.38,3.69,0.0014285714285714286,3.35
429,3.35,3.29,3.18,3.18,3.17,3.0,3.05,0.002857142857142857,3.04
430,3.04,2.97,3.07,3.22,3.21,3.18,3.16,0.0,3.21
431,3.21,3.74,3.74,5.66,5.4,4.64,4.54,0.004285714285714286,4.19
432,4.19,3.86,3.74,3.61,3.53,3.4,3.31,0.0014285714285714286,3.24
433,3.24,3.18,5.37,4.5,4.06,3.86,3.64,0.0,3.52
434,3.52,3.45,3.64,5.79,7.57,4.97,4.42,0.0071428571428571435,3.97
435,3.97,3.74,3.62,3.73,3.48,3.4,3.37,0.0014285714285714286,3.29
436,3.29,3.25,3.22,3.14,3.1,3.07,3.07,0.0014285714285714286,3.03
437,3.03,4.08,3.55,3.36,3.2,3.13,3.11,0.0,3.13
438,3.13,3.11,3.09,3.07,3.06,3.05,3.02,0.002857142857142857,2.99
439,2.99,3.41,3.16,3.08,3.02,3.32,3.09,0.002857142857142857,3.17
440,3.17,3.02,3.02,2.97,3.17,3.09,3.29,0.002857142857142857,3.17
441,3.17,3.02,3.49,3.18,3.06,2.99,2.94,0.0,2.91
442,2.91,2.89,2.86,2.86,2.86,2.87,2.88,0.0,2.85
443,2.85,2.86,3.7,3.48,3.24,3.26,2.92,0.004285714285714286,3.38
444,3.38,3.1,4.28,3.64,3.36,4.12,3.63,0.0014285714285714286,3.33
445,3.33,3.23,3.14,3.05,3.01,3.1,3.09,0.0014285714285714286,2.97
446,2.97,2.9,2.85,2.86,2.82,2.8,3.26,0.0014285714285714286,3.43
447,3.43,2.91,2.81,2.79,2.77,2.74,2.71,0.004285714285714286,2.68
448,2.68,5.93,4.39,4.11,3.73,3.29,3.12,0.002857142857142857,3.42
449,3.42,3.39,2.97,3.83,3.2,2.91,2.83,0.004285714285714286,2.78
450,2.78,2.72,2.67,2.64,2.61,2.62,2.59,0.0,2.56
451,2.56,2.54,2.83,2.8,2.55,2.53,2.5,0.002857142857142857,2.48
452,2.48,2.87,2.9,3.61,2.62,3.84,3.55,0.008571428571428572,2.77
453,2.77,2.94,3.41,2.78,2.91,4.21,4.14,0.008571428571428572,5.2
454,5.2,3.27,3.0,3.49,3.28,2.81,2.73,0.0014285714285714286,2.81
455,2.81,2.67,2.71,2.6,2.59,2.53,2.51,0.004285714285714286,2.48
456,2.48,5.28,5.35,3.05,2.82,3.83,7.78,0.015714285714285715,7.63
457,7.63,4.07,3.27,3.01,2.87,2.79,3.13,0.004285714285714286,3.17
458,3.17,2.68,2.63,2.6,2.58,2.57,2.6,0.0014285714285714286,2.74
459,2.74,2.75,2.55,2.96,2.55,2.52,2.47,0.002857142857142857,2.56
460,2.56,2.59,2.45,2.42,2.41,2.42,2.39,0.0,2.38
461,2.38,2.38,2.37,2.36,3.46,2.98,2.44,0.002857142857142857,2.39
462,2.39,2.39,2.38,2.36,2.36,2.35,2.35,0.0,2.34
463,2.34,2.35,2.33,2.33,2.33,2.32,2.33,0.005714285714285714,2.34
464,2.34,4.34,2.8,2.47,2.42,2.4,2.38,0.0,2.37
465,2.37,2.36,2.36,2.36,2.4,3.0,2.6,0.0014285714285714286,2.45
466,2.45,2.44,2.43,2.42,2.4,2.4,2.47,0.0014285714285714286,3.67
467,3.67,2.87,2.54,2.49,2.47,2.46,2.46,0.0,2.45
468,2.45,2.44,2.44,2.43,2.41,2.41,2.61,0.0014285714285714286,2.51
469,2.51,2.46,2.45,2.45,2.5,2.82,2.51,0.01,4.12
470,4.12,3.63,2.59,2.52,2.5,2.47,2.48,0.0,2.81
471,2.81,2.51,2.47,2.52,2.53,2.49,2.47,0.0,2.47
472,2.47,2.47,2.86,2.66,2.51,2.52,2.49,0.002857142857142857,2.67
473,2.67,2.59,2.5,2.48,2.5,2.49,2.49,0.0,2.49
474,2.49,2.49,4.46,3.98,4.28,3.24,3.2,0.004285714285714286,3.14
475,3.14,3.22,4.09,4.22,3.39,3.2,3.11,0.002857142857142857,2.94
476,2.94,3.9,3.35,3.14,3.06,3.06,3.6,0.0014285714285714286,3.52
477,3.52,3.46,3.26,3.18,3.12,3.09,3.58,0.0014285714285714286,3.34
478,3.34,3.2,3.18,3.17,3.31,3.28,3.16,0.0014285714285714286,3.1
479,3.1,3.26,3.78,3.69,3.39,3.22,3.22,0.0,3.2
480,3.2,3.13,3.12,3.62,3.81,3.5,3.39,0.0014285714285714286,3.32
481,3.32,3.26,3.69,3.85,3.42,3.38,3.34,0.004285714285714286,3.23
482,3.23,5.56,5.7,4.58,4.18,3.9,3.59,0.0,3.42
483,3.42,3.31,3.22,3.16,3.14,3.09,3.03,0.0,3.0
484,3.0,3.01,3.16,3.09,3.42,3.28,3.16,0.002857142857142857,3.45
485,3.45,3.43,3.26,3.2,3.14,3.08,3.06,0.0,3.01
486,3.01,3.0,2.95,2.93,2.93,2.92,3.49,0.002857142857142857,3.49
487,3.49,3.06,2.99,2.97,2.96,2.91,2.89,0.0,2.86
488,2.86,2.85,2.92,2.91,2.88,3.11,3.06,0.0014285714285714286,2.91
489,2.91,2.95,3.22,3.21,3.08,3.16,3.25,0.0,4.01
490,4.01,3.95,3.94,3.87,3.49,3.28,3.17,0.0014285714285714286,3.08
491,3.08,3.17,4.89,4.54,3.89,6.7,6.55,0.004285714285714286,4.97
492,4.97,4.61,5.54,4.7,6.52,5.93,4.63,0.008571428571428572,4.15
493,4.15,3.82,3.58,3.46,3.36,3.27,3.19,0.0,3.15
494,3.15,3.11,3.09,3.03,2.98,2.97,3.03,0.0,3.01
495,3.01,2.94,4.18,4.12,3.52,3.35,4.53,0.002857142857142857,3.61
496,3.61,3.3,3.16,3.06,2.96,6.04,4.67,0.004285714285714286,3.95
497,3.95,3.54,3.31,3.17,3.08,3.01,5.55,0.005714285714285714,5.1
498,5.1,4.49,3.99,3.63,3.41,3.24,3.12,0.0014285714285714286,3.02
499,3.02,3.46,3.27,3.08,4.14,4.4,3.51,0.004285714285714286,3.34
500,3.34,3.37,3.27,3.17,3.09,3.0,3.1,0.0,3.0
501,3.0,2.92,3.58,3.09,2.97,2.91,2.86,0.0,2.82
502,2.82,2.78,2.75,2.73,2.69,2.67,3.03,0.005714285714285714,3.0
503,3.0,4.66,4.19,3.01,2.85,2.81,6.51,0.014285714285714285,4.2
504,4.2,3.6,3.3,3.1,2.95,2.85,3.74,0.004285714285714286,3.59
505,3.59,2.86,2.75,2.69,2.64,3.17,2.85,0.004285714285714286,2.65
506,2.65,2.6,2.62,2.59,5.98,5.64,3.32,0.01,3.12
507,3.12,2.88,2.79,2.73,3.76,3.51,5.43,0.018571428571428572,5.32
508,5.32,4.4,4.32,3.48,3.02,2.91,2.87,0.0,2.8
509,2.8,2.72,2.71,3.04,2.91,3.08,4.51,0.012857142857142859,3.08
510,3.08,4.01,3.61,3.03,2.88,2.8,2.76,0.0014285714285714286,2.72
511,2.72,2.68,2.67,2.67,2.63,3.32,3.31,0.0071428571428571435,2.7
512,2.7,2.62,2.6,3.64,2.76,2.66,2.63,0.004285714285714286,2.59
513,2.59,2.54,3.27,3.23,2.67,2.61,2.95,0.002857142857142857,3.22
514,3.22,2.79,2.7,3.2,3.3,2.81,2.7,0.002857142857142857,2.67
515,2.67,2.63,2.61,2.64,2.65,2.6,2.61,0.0014285714285714286,2.62
516,2.62,2.66,2.62,2.62,2.6,2.6,2.58,0.0,2.57
517,2.57,2.58,2.58,2.53,2.5,2.42,2.41,0.0,2.39
518,2.39,2.44,2.44,2.38,2.38,2.38,2.39,0.0071428571428571435,2.65
519,2.65,3.62,2.99,2.59,3.24,2.76,2.59,0.0014285714285714286,2.55
520,2.55,2.53,2.53,2.52,2.52,2.5,2.46,0.0,2.44
521,2.44,2.43,3.27,2.89,2.59,2.52,2.49,0.0071428571428571435,6.48
522,6.48,6.55,3.86,3.42,3.22,3.08,2.99,0.0,2.86
523,2.86,2.82,3.61,3.59,2.96,2.92,2.8,0.0014285714285714286,2.78
524,2.78,2.89,2.86,2.75,2.76,2.74,2.76,0.002857142857142857,3.37
525,3.37,2.98,2.81,2.88,2.8,2.72,2.7,0.0,2.68
526,2.68,2.68,2.65,2.64,2.62,2.74,2.83,0.0,2.85
527,2.85,2.85,3.15,3.38,2.98,2.9,2.9,0.0014285714285714286,2.96
528,2.96,2.89,2.86,2.88,2.9,2.9,2.86,0.0,2.82
529,2.82,2.84,2.83,2.78,2.75,2.72,3.86,0.002857142857142857,3.77
530,3.77,3.36,3.13,3.11,3.0,2.83,2.83,0.0,2.82
531,2.82,2.85,2.76,2.74,2.74,2.75,2.68,0.0,2.68
532,2.68,2.68,2.76,2.76,2.75,5.2,4.37,0.004285714285714286,3.8
533,3.8,3.43,3.22,3.15,3.12,2.98,2.92,0.0,2.89
534,2.89,2.88,3.57,3.32,3.15,3.05,2.97,0.0,3.25
535,3.25,3.17,3.04,3.01,2.94,3.12,2.98,0.004285714285714286,4.55
536,4.55,4.77,3.71,5.09,4.88,3.96,4.12,0.0071428571428571435,6.57
537,6.57,6.1,4.89,4.46,4.22,4.65,4.26,0.002857142857142857,4.24
538,4.24,4.17,3.93,3.8,3.71,3.6,3.53,0.004285714285714286,5.39
539,5.39,4.7,4.33,3.98,4.12,6.55,5.72,0.004285714285714286,4.91
540,4.91,4.66,4.3,4.63,4.91,4.75,4.63,0.002857142857142857,4.44
541,4.44,4.36,4.33,4.31,4.12,3.94,3.76,0.0,3.63
542,3.63,3.51,3.44,3.58,3.95,4.13,4.11,0.0,3.89
543,3.89,3.75,3.66,3.54,3.49,3.5,3.45,0.002857142857142857,3.35
544,3.35,3.47,3.42,3.48,3.43,3.32,3.29,0.0014285714285714286,3.23
545,3.23,3.17,3.12,3.09,3.06,3.04,3.02,0.005714285714285714,3.22
546,3.22,7.74,5.49,4.73,4.5,3.95,3.59,0.0,3.42
547,3.42,3.31,3.24,3.55,3.37,3.3,3.36,0.004285714285714286,3.61
548,3.61,3.41,3.25,3.18,3.11,3.06,3.01,0.0,2.96
549,2.96,2.95,2.92,2.9,2.87,2.87,4.84,0.0071428571428571435,4.05
550,4.05,4.09,3.78,3.77,7.32,5.16,4.79,0.005714285714285714,4.46
551,4.46,4.04,4.05,3.79,3.47,3.33,3.23,0.017142857142857144,10.15
552,10.15,7.6,5.35,4.76,4.46,4.58,4.63,0.005714285714285714,4.18
553,4.18,4.76,4.02,3.66,3.47,3.38,3.27,0.004285714285714286,3.49
554,3.49,5.1,3.96,3.58,3.41,3.25,3.14,0.0,3.06
555,3.06,2.99,2.99,2.94,2.86,2.92,2.92,0.0014285714285714286,2.85
556,2.85,2.82,2.78,2.75,4.91,3.27,2.98,0.004285714285714286,2.83
557,2.83,2.77,5.65,5.28,3.48,6.31,4.53,0.01,3.94
558,3.94,3.47,3.24,3.09,2.98,2.92,2.89,0.002857142857142857,3.15
559,3.15,2.98,6.33,4.99,3.31,3.04,3.83,0.008571428571428572,5.19
560,5.19,4.0,3.91,3.9,3.46,3.25,3.19,0.0014285714285714286,3.07
561,3.07,2.98,2.94,3.08,3.01,3.25,3.44,0.004285714285714286,3.16
562,3.16,2.97,2.9,3.1,3.08,2.86,3.06,0.012857142857142859,4.18
563,4.18,3.25,4.22,3.82,3.13,2.98,2.92,0.004285714285714286,3.45
564,3.45,3.13,2.94,3.36,2.95,2.83,2.78,0.002857142857142857,2.74
565,2.74,2.75,2.71,2.7,2.67,2.64,2.64,0.0,2.63
566,2.63,2.64,2.65,2.61,2.61,2.64,3.39,0.005714285714285714,4.02
567,4.02,3.85,3.35,4.29,3.96,3.36,3.14,0.005714285714285714,3.04
568,3.04,3.11,6.09,4.59,3.57,3.26,3.1,0.0,3.1
569,3.1,3.06,7.69,7.39,4.59,7.49,5.29,0.012857142857142857,4.38
570,4.38,3.93,3.64,4.95,3.75,3.56,3.33,0.0014285714285714286,3.18
571,3.18,3.12,3.12,3.07,4.36,5.15,3.99,0.009999999999999998,3.66
572,3.66,3.5,3.57,3.33,3.23,3.12,3.1,0.0,3.1
573,3.1,3.06,3.01,2.98,2.94,2.93,4.43,0.0014285714285714286,3.63
574,3.63,3.4,3.29,3.21,3.14,3.07,4.42,0.005714285714285714,3.37
575,3.37,3.58,6.17,5.02,4.22,5.5,5.37,0.004285714285714286,4.29
576,4.29,3.95,5.97,4.96,4.36,5.94,5.56,0.002857142857142857,4.92
577,4.92,4.52,4.29,3.96,3.74,3.54,6.42,0.015714285714285715,9.93
578,9.93,7.01,6.6,5.27,4.94,4.77,4.48,0.0014285714285714286,5.68
579,5.68,5.16,4.65,4.4,4.11,3.84,3.63,0.0,3.52
580,3.52,3.45,3.39,3.33,3.32,3.28,3.38,0.002857142857142857,4.94
581,4.94,4.76,4.11,3.77,3.84,5.93,5.31,0.004285714285714286,4.69
582,4.69,4.23,4.02,3.76,3.58,6.44,5.69,0.005714285714285714,4.8
583,4.8,5.57,6.41,5.02,4.57,4.23,4.37,0.0014285714285714286,4.17
584,4.17,3.93,3.78,4.26,3.87,3.67,3.55,0.0,3.5
585,3.5,3.48,3.43,3.38,3.33,3.29,3.6,0.005714285714285714,6.8
586,6.8,5.08,4.47,4.06,6.31,5.56,4.77,0.002857142857142857,4.37
587,4.37,4.09,3.99,3.98,3.65,3.47,3.39,0.002857142857142857,3.37
588,3.37,3.34,3.35,3.52,4.18,3.69,3.64,0.002857142857142857,3.49
589,3.49,3.41,4.41,4.64,4.47,4.18,4.03,0.0,3.76
590,3.76,3.66,3.59,3.71,4.35,4.27,3.91,0.004285714285714286,4.72
591,4.72,4.26,3.88,3.76,3.58,3.47,4.38,0.005714285714285714,4.04
592,4.04,4.81,4.63,4.31,3.95,3.73,3.59,0.002857142857142857,5.96
593,5.96,5.03,4.54,4.08,3.8,4.31,4.37,0.004285714285714286,3.66
594,3.66,3.5,3.41,3.36,4.37,5.39,4.5,0.002857142857142857,3.98
595,3.98,3.77,3.63,3.52,3.42,3.37,3.32,0.0,3.31
596,3.31,3.29,3.22,3.2,3.15,3.22,3.26,0.0014285714285714286,3.18
597,3.18,3.77,3.37,3.31,3.22,3.41,4.05,0.01,3.43
598,3.43,5.62,4.39,3.8,3.57,3.47,5.93,0.004285714285714286,4.66
599,4.66,3.89,3.58,3.46,3.38,5.03,4.99,0.004285714285714286,4.01
600,4.01,3.67,3.52,3.46,3.44,3.35,3.25,0.002857142857142857,5.27
601,5.27,5.37,4.47,5.22,4.1,3.73,3.59,0.01,5.7
602,5.7,6.36,6.0,4.92,4.42,4.03,4.0,0.002857142857142857,3.65
603,3.65,3.58,3.54,3.36,3.31,3.3,3.18,0.0014285714285714286,3.2
604,3.2,3.19,3.17,8.03,7.89,5.7,4.72,0.02,4.31
605,4.31,4.32,3.67,3.46,4.84,3.67,3.47,0.005714285714285714,3.36
606,3.36,3.39,3.49,3.4,6.23,6.4,4.52,0.012857142857142857,4.63
607,4.63,4.45,6.24,5.97,5.22,4.93,4.54,0.0071428571428571435,4.14
608,4.14,3.83,3.68,3.67,3.5,3.35,3.45,0.0014285714285714286,3.23
609,3.23,3.13,3.05,3.03,3.0,3.09,3.32,0.002857142857142857,3.29
610,3.29,3.74,3.31,3.09,7.02,7.32,4.36,0.014285714285714287,3.86
611,3.86,3.5,3.29,4.41,4.98,3.95,3.39,0.014285714285714287,3.18
612,3.18,3.9,5.33,4.75,3.52,3.17,3.06,0.0,3.03
613,3.03,2.97,2.92,3.72,3.35,2.93,2.84,0.0014285714285714286,2.78
614,2.78,2.75,2.72,7.43,7.17,4.15,3.46,0.018571428571428572,3.13
615,3.13,2.99,2.93,3.0,2.96,2.87,2.82,0.0014285714285714286,2.78
616,2.78,2.8,2.79,2.77,3.06,2.85,2.82,0.002857142857142857,2.76
617,2.76,2.73,2.78,2.78,2.78,2.75,2.75,0.0014285714285714286,2.73
618,2.73,3.44,3.24,2.85,2.79,2.79,2.79,0.0,2.7
619,2.7,2.67,2.66,2.65,3.52,3.48,2.78,0.004285714285714286,2.71
620,2.71,2.68,2.66,2.63,2.62,2.6,2.59,0.0,2.59
621,2.59,2.58,2.55,2.54,2.58,2.55,2.55,0.0,2.6
622,2.6,2.58,2.57,2.6,2.77,2.73,2.63,0.0014285714285714286,2.59
623,2.59,2.62,2.76,3.14,3.07,2.72,2.66,0.0014285714285714286,2.63
624,2.63,2.62,2.62,5.0,4.67,2.94,2.8,0.004285714285714286,2.74
625,2.74,3.36,3.58,3.75,3.06,2.93,2.87,0.002857142857142857,5.06
626,5.06,3.71,3.16,3.02,4.05,3.8,3.23,0.004285714285714286,3.1
627,3.1,3.02,2.96,2.92,2.88,2.88,2.82,0.0,2.79
628,2.79,2.78,2.79,2.78,2.74,2.73,2.72,0.0014285714285714286,2.71
629,2.71,2.83,2.81,2.78,2.74,2.73,2.75,0.002857142857142857,4.08
630,4.08,3.29,3.08,2.94,2.86,2.78,2.76,0.0014285714285714286,3.63
631,3.63,3.57,3.45,3.17,3.1,3.01,2.96,0.002857142857142857,2.9
632,2.9,5.79,5.76,4.31,3.95,3.99,5.38,0.002857142857142857,4.36
633,4.36,3.96,5.33,5.01,4.36,3.99,3.65,0.0,3.49
634,3.49,3.38,3.3,3.22,3.17,3.13,3.1,0.004285714285714286,3.31
635,3.31,4.5,4.27,3.79,3.58,3.43,3.54,0.0,3.45
636,3.45,3.34,3.27,3.24,3.16,3.1,3.06,0.0,3.13
637,3.13,3.1,3.05,3.03,3.05,3.0,3.03,0.0,3.12
638,3.12,3.06,3.01,2.96,2.93,2.91,5.92,0.004285714285714286,4.75
639,4.75,4.02,3.76,3.51,3.34,3.22,3.14,0.0,3.11
640,3.11,3.11,3.07,3.07,4.17,3.93,3.79,0.004285714285714286,3.51
641,3.51,3.79,4.32,4.02,4.15,3.98,3.65,0.0014285714285714286,3.46
642,3.46,3.37,3.3,3.25,3.21,3.15,3.09,0.0,3.05
643,3.05,3.06,3.16,3.16,3.39,3.17,3.09,0.0014285714285714286,3.02
644,3.02,2.99,3.46,3.86,3.24,3.33,3.37,0.0014285714285714286,3.17
645,3.17,3.11,3.06,3.04,3.02,3.58,3.24,0.0014285714285714286,3.08
646,3.08,3.01,3.03,3.0,5.23,4.1,3.75,0.005714285714285714,3.5
647,3.5,5.46,5.21,4.17,3.78,3.58,4.18,0.004285714285714286,4.44
648,4.44,3.82,3.61,3.5,3.39,3.29,3.21,0.0,3.16
649,3.16,3.14,3.11,3.78,3.36,3.32,3.18,0.0071428571428571435,3.11
650,3.11,6.27,5.32,4.52,4.1,3.73,3.52,0.0014285714285714286,3.41
651,3.41,3.31,3.56,3.44,3.2,4.57,4.19,0.002857142857142857,3.81
652,3.81,3.74,3.54,3.42,3.94,4.65,3.84,0.002857142857142857,3.54
653,3.54,3.42,3.31,3.24,3.2,3.55,3.91,0.002857142857142857,3.28
654,3.28,3.15,3.13,3.04,2.99,2.95,2.93,0.0,2.88
655,2.88,2.85,2.83,2.82,2.76,3.1,3.26,0.004285714285714286,2.94
656,2.94,2.82,2.79,2.78,2.82,2.82,2.85,0.0014285714285714286,2.75
657,2.75,2.7,2.71,4.17,3.19,4.35,3.92,0.0071428571428571435,3.27
658,3.27,3.29,3.14,3.01,3.22,3.08,2.84,0.002857142857142857,2.77
659,2.77,2.73,2.7,2.67,2.98,2.79,2.89,0.002857142857142857,2.69
660,2.69,2.66,2.65,2.65,2.6,2.56,2.94,0.004285714285714286,2.97
661,2.97,3.09,2.75,2.96,2.92,3.02,3.21,0.002857142857142857,3.08
662,3.08,2.92,3.52,3.6,2.88,6.07,4.98,0.01,4.04
663,4.04,3.71,3.37,3.1,2.97,2.87,2.81,0.0,2.74
664,2.74,2.69,2.65,2.9,3.73,3.62,2.93,0.0071428571428571435,2.74
665,2.74,2.69,2.66,2.62,2.59,2.72,2.64,0.002857142857142857,2.61
666,2.61,2.59,5.61,3.62,3.05,3.79,3.97,0.004285714285714286,2.9
667,2.9,2.79,2.74,2.82,3.14,3.07,2.8,0.002857142857142857,3.11
668,3.11,2.9,2.74,2.87,2.85,2.67,2.6,0.0,2.57
669,2.57,2.55,2.53,2.51,2.5,3.28,3.19,0.004285714285714286,2.67
670,2.67,2.57,2.51,2.5,4.69,5.31,3.24,0.011428571428571429,2.81
671,2.81,2.64,2.58,2.54,5.35,5.41,3.0,0.004285714285714286,2.76
672,2.76,2.67,2.62,2.57,2.57,2.66,2.51,0.0,2.48
673,2.48,2.47,2.46,2.45,2.45,2.45,2.45,0.0014285714285714286,2.45
674,2.45,2.49,4.78,6.9,3.82,3.31,3.05,0.011428571428571429,2.87
675,2.87,2.79,2.73,2.69,2.64,2.61,2.61,0.0014285714285714286,2.59
676,2.59,4.37,3.54,3.23,3.05,5.14,4.11,0.002857142857142857,3.51
677,3.51,3.27,3.13,3.02,2.92,2.86,2.81,0.0,2.75
678,2.75,2.75,2.75,2.72,5.41,5.05,4.45,0.0071428571428571435,4.3
679,4.3,4.08,3.58,3.37,3.22,3.11,3.01,0.0,2.93
680,2.93,2.9,2.87,4.49,4.57,3.73,3.59,0.01,3.46
681,3.46,3.54,3.33,3.24,3.13,3.07,3.02,0.0014285714285714286,2.96
682,2.96,3.25,3.08,3.0,4.14,3.51,3.25,0.011428571428571429,3.13
683,3.13,7.56,7.71,4.38,3.85,3.57,5.61,0.0014285714285714286,4.46
684,4.46,4.06,3.81,3.57,3.4,3.3,3.23,0.0014285714285714286,3.17
685,3.17,3.8,3.58,3.32,3.36,3.34,3.25,0.002857142857142857,3.17
686,3.17,3.27,3.83,3.81,4.28,6.7,4.99,0.01,4.52
687,4.52,4.1,3.8,3.6,3.62,4.66,5.24,0.004285714285714286,4.08
688,4.08,4.01,3.85,3.6,3.51,3.39,3.29,0.0,3.26
689,3.26,3.22,3.19,3.15,3.13,3.35,3.6,0.002857142857142857,3.42
690,3.42,3.32,3.24,3.18,3.13,3.09,3.02,0.0,2.98
691,2.98,2.96,3.14,3.12,3.05,2.98,2.92,0.0014285714285714286,2.9
692,2.9,2.97,3.0,2.99,2.98,3.33,3.26,0.002857142857142857,3.28
693,3.28,3.27,3.17,3.12,3.11,3.09,3.02,0.0014285714285714286,3.0
694,3.0,3.01,5.25,4.96,4.31,4.01,3.85,0.005714285714285714,3.69
695,3.69,4.27,4.11,4.64,4.61,4.55,5.11,0.002857142857142857,5.47
696,5.47,5.51,5.11,4.52,4.24,4.03,3.79,0.0,3.66
697,3.66,3.58,3.48,3.44,3.41,3.34,3.3,0.0,3.24
698,3.24,3.21,3.15,3.12,4.21,3.96,3.62,0.002857142857142857,3.44
699,3.44,3.32,3.25,6.06,5.89,4.36,4.06,0.004285714285714286,4.06
700,4.06,4.12,3.62,3.81,3.9,3.65,3.48,0.002857142857142857,3.38
701,3.38,3.29,3.22,3.18,3.17,3.11,3.08,0.004285714285714286,3.78
702,3.78,4.08,3.67,3.47,3.36,3.3,3.22,0.0,3.17
703,3.17,3.16,3.11,3.06,3.04,2.97,2.94,0.0014285714285714286,3.75
704,3.75,3.26,3.1,3.05,4.1,3.86,3.22,0.008571428571428572,3.08
705,3.08,3.02,3.63,3.51,3.38,3.13,3.01,0.0014285714285714286,2.97
706,2.97,2.92,2.9,2.86,2.83,2.82,2.79,0.0,2.78
707,2.78,2.76,2.73,2.71,2.7,2.74,2.66,0.0,2.63
708,2.63,2.62,2.61,2.68,2.93,3.25,4.06,0.008571428571428572,4.03
709,4.03,3.59,3.21,3.06,5.46,5.72,3.88,0.009999999999999998,3.36
710,3.36,3.12,3.18,4.58,4.21,4.35,4.02,0.02,3.23
711,3.23,3.86,4.28,3.46,3.26,3.12,3.13,0.002857142857142857,3.12
712,3.12,2.91,3.01,2.98,2.81,2.76,3.21,0.0014285714285714286,2.85
713,2.85,2.74,2.69,2.64,4.93,4.18,3.5,0.011428571428571429,3.34
714,3.34,2.78,3.11,4.46,3.45,5.39,3.8,0.01,3.38
715,3.38,4.57,5.44,4.07,3.47,3.22,6.56,0.011428571428571429,8.52
716,8.52,4.7,3.88,3.42,3.23,3.03,2.92,0.0014285714285714286,2.85
717,2.85,2.83,2.77,2.72,5.89,6.19,4.6,0.004285714285714286,4.05
718,4.05,3.69,3.35,3.11,2.98,2.89,2.82,0.004285714285714286,3.21
719,3.21,2.88,4.35,4.09,3.38,3.13,2.96,0.0,2.85
720,2.85,2.77,2.8,2.7,6.32,3.42,3.05,0.030000000000000002,7.79
721,7.79,7.45,6.14,5.06,5.05,4.7,4.44,0.004285714285714286,4.07
722,4.07,3.56,3.26,10.28,12.59,10.84,5.6,0.015714285714285715,4.87
723,4.87,4.53,4.07,3.59,3.81,3.45,3.27,0.0014285714285714286,3.15
724,3.15,3.14,3.09,3.04,2.99,2.95,2.92,0.0,2.89
725,2.89,2.87,2.81,2.79,5.68,4.38,3.36,0.015714285714285715,3.11
726,3.11,2.98,3.2,3.08,2.91,2.85,2.82,0.0,2.8
727,2.8,2.79,2.93,2.82,2.79,2.77,2.76,0.0014285714285714286,2.93
728,2.93,2.92,2.8,2.77,2.74,2.73,3.08,0.0014285714285714286,3.38
729,3.38,2.84,2.76,2.71,2.7,2.69,2.69,0.002857142857142857,2.69
730,2.69,3.05,6.96,4.97,4.58,4.22,4.27,0.008571428571428572,4.32
731,4.32,3.62,3.42,3.26,3.17,3.1,3.04,0.0,3.0
732,3.0,2.96,2.93,2.9,2.87,3.25,3.05,0.002857142857142857,2.97
733,2.97,2.97,2.93,2.9,2.87,2.85,2.83,0.0,2.84
734,2.84,2.83,2.83,2.81,2.81,2.93,2.87,0.0,2.83
735,2.83,2.82,2.8,2.78,2.78,2.78,2.77,0.0014285714285714286,2.75
736,2.75,2.96,2.91,2.84,2.8,2.78,3.16,0.002857142857142857,3.2
737,3.2,2.91,2.84,2.8,2.79,2.78,2.77,0.0,2.77
738,2.77,2.75,2.74,2.81,2.79,2.78,2.85,0.0014285714285714286,2.84
739,2.84,2.81,2.82,2.79,3.0,2.91,4.7,0.005714285714285714,5.29
740,5.29,3.83,3.47,3.28,3.19,3.12,3.09,0.0014285714285714286,3.26
741,3.26,3.3,3.13,3.04,2.95,2.94,2.92,0.005714285714285714,3.01
742,3.01,5.62,4.12,3.81,3.86,3.64,3.38,0.002857142857142857,3.22
743,3.22,3.14,3.1,3.07,3.02,2.97,3.01,0.0,2.96
744,2.96,2.91,2.9,2.94,3.75,5.6,5.18,0.002857142857142857,4.37
745,4.37,3.98,3.8,3.64,3.5,3.4,3.3,0.0,3.39
746,3.39,3.34,3.2,3.12,3.17,3.97,3.6,0.002857142857142857,3.4
747,3.4,3.26,3.22,3.22,3.16,5.08,4.22,0.004285714285714286,3.81
748,3.81,3.57,3.38,3.29,3.21,3.14,3.08,0.0014285714285714286,3.05
749,3.05,3.13,3.1,3.72,3.59,3.31,4.3,0.004285714285714286,3.78
750,3.78,3.54,3.38,3.3,3.41,3.42,3.29,0.002857142857142857,3.29
751,3.29,3.21,3.13,3.08,3.96,4.16,3.94,0.004285714285714286,3.72
752,3.72,3.48,3.31,3.22,3.15,3.99,3.4,0.002857142857142857,3.54
753,3.54,3.47,3.28,5.69,5.78,6.34,4.66,0.0071428571428571435,4.2
754,4.2,3.85,3.68,3.46,4.18,4.17,3.47,0.004285714285714286,3.46
755,3.46,3.77,5.9,4.19,3.84,3.61,3.45,0.0,3.36
756,3.36,3.25,3.19,3.16,3.12,3.07,3.03,0.008571428571428572,3.01
757,3.01,6.01,3.91,3.61,3.43,4.56,5.83,0.002857142857142857,6.1
758,6.1,4.81,4.3,3.82,3.6,3.46,4.72,0.002857142857142857,4.18
759,4.18,3.76,3.78,3.47,5.05,4.83,4.63,0.0071428571428571435,3.97
760,3.97,3.61,3.42,3.31,3.22,4.02,5.56,0.011428571428571429,4.09
761,4.09,3.62,3.37,3.23,4.85,3.42,3.25,0.0014285714285714286,3.14
762,3.14,3.07,3.01,3.02,4.39,3.42,3.19,0.008571428571428572,4.21
763,4.21,3.94,3.46,3.24,3.76,3.27,3.11,0.0014285714285714286,2.98
764,2.98,2.9,2.85,2.83,3.02,2.96,2.83,0.002857142857142857,2.81
765,2.81,2.85,2.84,2.77,2.92,2.77,2.73,0.0,2.73
766,2.73,2.68,2.65,2.63,2.62,3.0,3.3,0.0014285714285714286,2.75
767,2.75,2.69,2.65,2.63,2.6,2.57,2.91,0.002857142857142857,3.06
768,3.06,2.64,2.62,2.54,2.51,2.51,2.51,0.0,2.49
769,2.49,2.49,2.48,2.48,3.06,2.67,2.52,0.004285714285714286,2.48
770,2.48,2.99,2.66,2.55,2.53,3.89,3.79,0.014285714285714285,2.68
771,2.68,2.79,2.84,2.67,3.29,2.77,2.57,0.002857142857142857,2.48
772,2.48,2.45,2.45,2.44,2.44,2.41,2.43,0.0014285714285714286,2.41
773,2.41,2.83,3.14,2.64,2.55,2.5,2.5,0.0,2.5
774,2.5,2.52,2.92,3.26,2.62,2.54,2.51,0.0,2.5
775,2.5,2.49,3.54,2.89,2.57,2.51,2.49,0.002857142857142857,3.0
776,3.0,3.0,3.41,2.62,2.51,2.48,2.47,0.0,2.48
777,2.48,2.46,2.46,2.46,2.5,2.52,2.49,0.002857142857142857,2.83
778,2.83,2.73,2.46,2.52,2.52,2.52,4.0,0.011428571428571429,4.76
779,4.76,4.16,5.06,4.21,3.8,3.52,3.33,0.0,3.15
780,3.15,3.02,2.94,3.01,3.57,3.73,3.09,0.0071428571428571435,2.96
781,2.96,3.35,3.35,2.92,2.85,2.77,2.72,0.0,0.0
